,precision,recall,f1-score
fold_0,0.0949844516479224,0.0468631897203325,0.0627613449913101
fold_1,0.0733342982583104,0.0453514739229024,0.0560440978559445
fold_2,0.0,0.0,0.0
fold_3,0.0,0.0,0.0
fold_4,0.0,0.0,0.0
fold_5,0.0,0.0,0.0
fold_6,0.0,0.0,0.0
fold_7,0.0,0.0,0.0
fold_8,0.0,0.0,0.0
fold_9,0.0,0.0,0.0
